{
  "ae_h1": 512,
  "ae_h2": 256,
  "ae_latent": 96,
  "ae_lr": 0.0010698709491838423,
  "noise_factor": 0.06580632612953655,
  "ds_h1": 512,
  "ds_h2": 64,
  "ds_h3": 32,
  "ds_lr": 0.0034723080749799197,
  "ds_drop": 0.4465552114473555,
  "dh_h1": 512,
  "dh_h2": 64,
  "dh_lr": 0.0013683772666536489,
  "dh_alpha": 0.8225185106064371
}